﻿{
	"format_version": "1.16.100",
	"minecraft:fog_settings": {
		"description": {
			"identifier": "f.o.g:custom_fog_default"
		},
		"distance": {
			"air": {
				"fog_start": 0.0,
				"fog_end": 0.8,
				"fog_color": "#C0D8FF",
				"render_distance_type": "render"
			},
			"water": {
				"fog_start": 0.3,
				"fog_end": 10.0,
				"fog_color": "#C0D8FF",
				"render_distance_type": "fixed"
			},
			"weather": {
				"fog_start": 0.0,
				"fog_end": 0.3,
				"fog_color": "#666555",
				"render_distance_type": "render"
			},
			"lava": {
				"fog_start": 0.0,
				"fog_end": 0.60,
				"fog_color": "#991A00",
				"render_distance_type": "fixed"
			},
			"lava_resistance": {
				"fog_start": 2.0,
				"fog_end": 4.0,
				"fog_color": "#991A00",
				"render_distance_type": "fixed"
			}
		}
	}
}