{
  "format_version": "1.16.100",
  "minecraft:fog_settings": {
    "description": {
      "identifier": "skycolors:fog_warm_ocean"
    },
    "distance": {
      "water": {
        "fog_start": 0.3,
				"fog_end": 10.0,
        "fog_color": "#C0D8FF",
        "render_distance_type": "fixed"
      },
      "air": {
        "fog_start": 0.2,
				"fog_end": 0.8,
        "fog_color": "#1165b0",
        "render_distance_type": "render"
      },
      "weather": {
        "fog_start": 0.0,
				"fog_end": 0.3,
        "fog_color": "#1165b0",
        "render_distance_type": "render"
      }
    }
  }
}