{
    "format_version": "1.8.0",
    "render_controllers": {
        "controller.render.armor_stand": {
            "geometry": "geometry.default",
            "materials": [
                {
                    "*": "Material.default"
                }
            ],
            "textures": [
                "texture.default"
            ],
            "overlay_color": {
                "r": "this",
                "g": "this",
                "b": "this",
                "a": "0.0"
            },
            "is_hurt_color": {
                "r": "1.0",
                "g": "1.0",
                "b": "1.0",
                "a": "0.5"
            },
            "on_fire_color": {
                "r": "1.0",
                "g": "1.0",
                "b": "1.0",
                "a": "0.5"
            }
        }
    }
}