{
    "format_version": "1.8.0",
    "render_controllers": {
        "controller.render.snowgolem": {
            "arrays": {
                "textures": {
                    "Array.skins": [
                        "Texture.default"
                    ]
                }
            },
            "geometry": "Geometry.default",
            "materials": [
                {
                    "*": "Material.default"
                },
                {
                    "head*": "Material.head"
                }
            ],
            "textures": [
                "Array.skins[0]"
            ],
            "is_hurt_color": {
                "r": "1.0",
                "g": "1.0",
                "b": "1.0",
                "a": "0.5"
            },
            "on_fire_color": {
                "r": "1.0",
                "g": "1.0",
                "b": "1.0",
                "a": "0.5"
            }
        }
    }
}