{
    "format_version": "1.8.0",
    "render_controllers": {
        "controller.render.stray": {
            "rebuild_animation_matrices": true,
            "geometry": "Geometry.default",
            "materials": [
                {
                    "*": "Material.default"
                }
            ],
            "textures": [
                "Texture.default"
            ],
            "is_hurt_color": {
                "r": "1.0",
                "g": "1.0",
                "b": "1.0",
                "a": "0.5"
            },
            "on_fire_color": {
                "r": "1.0",
                "g": "1.0",
                "b": "1.0",
                "a": "0.5"
            }
        }
    }
}