{
	"format_version": "1.10.0",
	"geometry.player.armor.base": {
		"texturewidth": 128,
		"textureheight": 64,
		"visible_bounds_width": 2,
		"visible_bounds_height": 3,
		"visible_bounds_offset": [0, 1.5, 0],
		"bones": [
			{
				"name": "waist",
				"pivot": [0, 12, 0]
			},
			{
				"name": "body",
				"parent": "waist",
				"pivot": [0, 24, 0],
				"cubes": [
					{"origin": [-4, 12, -2], "size": [8, 12, 4], "uv": [16, 16]}
				]
			},
			{
				"name": "head",
				"parent": "body",
				"pivot": [0, 24, 0],
				"cubes": [
					{"origin": [-4, 24, -4], "size": [8, 8, 8], "uv": [0, 0]}
				]
			},
			{
				"name": "hat",
				"parent": "head",
				"pivot": [0, 24, 0],
				"cubes": [
					{"origin": [-4, 24, -4], "size": [8, 8, 8], "uv": [32, 0], "inflate": 0.5},
					{"origin": [-4, 32, -3], "size": [1, 2, 6], "uv": [22, 54]},
					{"origin": [3, 32, -3], "size": [1, 2, 6], "uv": [50, 52]},
					{"origin": [-3, 32, -4], "size": [6, 2, 1], "uv": [0, 61]},
					{"origin": [-3, 32, 3], "size": [6, 2, 1], "uv": [73, 57]},
					{"origin": [-3, 34, 3], "size": [1, 1, 1], "uv": [119, 58]},
					{"origin": [-1, 34, 3], "size": [1, 1, 1], "uv": [119, 58]},
					{"origin": [3, 34, 2], "size": [1, 1, 1], "uv": [119, 58]},
					{"origin": [3, 34, 0], "size": [1, 1, 1], "uv": [119, 58]},
					{"origin": [3, 34, -2], "size": [1, 1, 1], "uv": [119, 58]},
					{"origin": [2, 34, -4], "size": [1, 1, 1], "uv": [119, 58]},
					{"origin": [-2, 34, -4], "size": [1, 1, 1], "uv": [119, 58]},
					{"origin": [-4, 34, -3], "size": [1, 1, 1], "uv": [119, 58]},
					{"origin": [-4, 34, -1], "size": [1, 1, 1], "uv": [119, 58]},
					{"origin": [-4, 34, 1], "size": [1, 1, 1], "uv": [119, 58]},
					{"origin": [0, 34, -4], "size": [1, 1, 1], "uv": [119, 58]},
					{"origin": [1, 34, 3], "size": [1, 1, 1], "uv": [119, 58]}
				]
			},
			{
				"name": "rightArm",
				"parent": "body",
				"pivot": [-5, 22, 0],
				"cubes": [
					{"origin": [-8, 12, -2], "size": [4, 12, 4], "uv": [40, 16]}
				]
			},
			{
				"name": "rightItem",
				"parent": "rightArm",
				"pivot": [-6, 15, 1]
			},
			{
				"name": "leftArm",
				"parent": "body",
				"pivot": [5, 22, 0],
				"mirror": true,
				"cubes": [
					{"origin": [4, 12, -2], "size": [4, 12, 4], "uv": [40, 16]}
				]
			},
			{
				"name": "rightLeg",
				"parent": "body",
				"pivot": [-1.9, 12, 0],
				"cubes": [
					{"origin": [-3.9, 0, -2], "size": [4, 12, 4], "uv": [0, 16]}
				]
			},
			{
				"name": "leftLeg",
				"parent": "body",
				"pivot": [1.9, 12, 0],
				"mirror": true,
				"cubes": [
					{"origin": [-0.1, 0, -2], "size": [4, 12, 4], "uv": [0, 16]}
				]
			}
		]
	}
}