{
 /*//// Empty XP Bar ////*/

  "$empty_xp_bar_texture": "textures/animated_ui/hud/empty_xp_bar",
  "$total_empty_xp_bar_frames": "40_frames",
  "$empty_bar_duration_per_frame": 0.05,

  /*//// Full XP Bar ////*/

  "$fill_xp_bar_texture": "textures/animated_ui/hud/full_xp_bar",
  "$total_full_xp_bar_frames": "40_frames",
  "$full_bar_duration_per_frame": 0.05,

  /*//// XP Number ////*/

  "$total_xp_number_frames": "40_frames",
  "$xp_number_duration_per_frame": 0.05,

  "$xp_number_color_frame_01": [ 1.000, 1.000, 1.000 ],
  "$xp_number_color_frame_02": [ 1.000, 1.000, 1.000 ],
  "$xp_number_color_frame_03": [ 1.000, 1.000, 1.000 ],
  "$xp_number_color_frame_04": [ 1.000, 1.000, 1.000 ],
  "$xp_number_color_frame_05": [ 1.000, 1.000, 1.000 ],
  "$xp_number_color_frame_06": [ 1.000, 1.000, 1.000 ],
  "$xp_number_color_frame_07": [ 1.000, 1.000, 1.000 ],
  "$xp_number_color_frame_08": [ 1.000, 1.000, 1.000 ],
  "$xp_number_color_frame_09": [ 1.000, 1.000, 1.000 ],
  "$xp_number_color_frame_10": [ 1.000, 1.000, 1.000 ],
  "$xp_number_color_frame_11": [ 1.000, 1.000, 1.000 ],
  "$xp_number_color_frame_12": [ 1.000, 1.000, 1.000 ],
  "$xp_number_color_frame_13": [ 1.000, 1.000, 1.000 ],
  "$xp_number_color_frame_14": [ 1.000, 1.000, 1.000 ],
  "$xp_number_color_frame_15": [ 1.000, 1.000, 1.000 ],
  "$xp_number_color_frame_16": [ 1.000, 1.000, 1.000 ],
  "$xp_number_color_frame_17": [ 1.000, 1.000, 1.000 ],
  "$xp_number_color_frame_18": [ 1.000, 1.000, 1.000 ],
  "$xp_number_color_frame_19": [ 1.000, 1.000, 1.000 ],
  "$xp_number_color_frame_20": [ 1.000, 1.000, 1.000 ],
  "$xp_number_color_frame_21": [ 1.000, 1.000, 1.000 ],
  "$xp_number_color_frame_22": [ 1.000, 1.000, 1.000 ],
  "$xp_number_color_frame_23": [ 1.000, 1.000, 1.000 ],
  "$xp_number_color_frame_24": [ 1.000, 1.000, 1.000 ],
  "$xp_number_color_frame_25": [ 1.000, 1.000, 1.000 ],
  "$xp_number_color_frame_26": [ 1.000, 1.000, 1.000 ],
  "$xp_number_color_frame_27": [ 1.000, 1.000, 1.000 ],
  "$xp_number_color_frame_28": [ 1.000, 1.000, 1.000 ],
  "$xp_number_color_frame_29": [ 1.000, 1.000, 1.000 ],
  "$xp_number_color_frame_30": [ 1.000, 1.000, 1.000 ],
  "$xp_number_color_frame_31": [ 1.000, 1.000, 1.000 ],
  "$xp_number_color_frame_32": [ 1.000, 1.000, 1.000 ], 
  "$xp_number_color_frame_33": [ 1.000, 1.000, 1.000 ],
  "$xp_number_color_frame_34": [ 1.000, 1.000, 1.000 ], 
  "$xp_number_color_frame_35": [ 1.000, 1.000, 1.000 ], 
  "$xp_number_color_frame_36": [ 1.000, 1.000, 1.000 ], 
  "$xp_number_color_frame_37": [ 1.000, 1.000, 1.000 ],
  "$xp_number_color_frame_38": [ 1.000, 1.000, 1.000 ], 
  "$xp_number_color_frame_39": [ 1.000, 1.000, 1.000 ], 
  "$xp_number_color_frame_40": [ 1.000, 1.000, 1.000 ]     
}