{
	"namespace": "debug_screen",
	"gamma_render": {
		"type": "custom",
		"renderer": "gradient_renderer",
		"color1": [1.0, 1.0, 1.0, 0.10],
		"color2": [1.0, 1.0, 1.0, 0.10]
	},
	"custom_content_panel": {
		"type": "panel",
		"clips_children": false,
		"size": ["100%", "100%"],
		"controls": [{
				"gammaLayer@debug_screen.gamma_render": {
					"layer": 10000
				}
			},
			{
				"access_button@debug_screen.access_button": {}
			}
		]
	},
	"debug_screen@common.base_screen": {
		"$screen_content": "debug_screen.custom_content_panel"
	}
}